{"cameraMode":{"drawMode":0,"name":"Shaded","section":"Shading Mode"},"sceneLighting":true,"audioPlay":false,"sceneViewState":{"m_AlwaysRefresh":true,"showFog":true,"showSkybox":true,"showFlares":true,"showImageEffects":true,"showParticleSystems":true,"showVisualEffectGraphs":true,"m_FxEnabled":true},"in2DMode":false,"pivot":{"x":-0.06991732120513916,"y":0.7397598028182983,"z":0.05598700791597366},"rotation":{"x":-0.22113168239593507,"y":0.5926006436347961,"z":-0.17421765625476838,"w":-0.754996657371521},"size":14.510504722595215,"orthographic":false}