{"cameraMode":{"drawMode":0,"name":"Shaded","section":"Shading Mode"},"sceneLighting":true,"audioPlay":false,"sceneViewState":{"m_AlwaysRefresh":true,"showFog":true,"showSkybox":true,"showFlares":true,"showImageEffects":true,"showParticleSystems":true,"showVisualEffectGraphs":true,"m_FxEnabled":true},"in2DMode":false,"pivot":{"x":-0.06991732120513916,"y":0.7397598028182983,"z":0.05598700791597366},"rotation":{"x":0.025932755321264268,"y":0.9461795687675476,"z":0.0779157355427742,"w":-0.3137442171573639},"size":1.1660254001617432,"orthographic":false}