{"cameraMode":{"drawMode":0,"name":"Shaded","section":"Shading Mode"},"sceneLighting":false,"audioPlay":false,"sceneViewState":{"m_AlwaysRefresh":true,"showFog":true,"showSkybox":false,"showFlares":true,"showImageEffects":true,"showParticleSystems":true,"showVisualEffectGraphs":true,"m_FxEnabled":true},"in2DMode":false,"pivot":{"x":1.862645149230957e-8,"y":1.645402431488037,"z":-9.199999809265137},"rotation":{"x":-0.00012254650937393308,"y":-0.9996252059936523,"z":0.028806215152144433,"w":0.003593173110857606},"size":0.2692180871963501,"orthographic":false}